{
  "ABIRoot": {
    "kind": "Root",
    "name": "TopLevel",
    "printedName": "TopLevel",
    "children": [
      {
        "kind": "TypeDecl",
        "name": "ZeroMQDummy",
        "printedName": "ZeroMQDummy",
        "children": [
          {
            "kind": "Constructor",
            "name": "init",
            "printedName": "init()",
            "children": [
              {
                "kind": "TypeNominal",
                "name": "ZeroMQDummy",
                "printedName": "ZeroMQ.ZeroMQDummy",
                "usr": "s:6ZeroMQ0A7MQDummyV"
              }
            ],
            "declKind": "Constructor",
            "usr": "s:6ZeroMQ0A7MQDummyVACycfc",
            "mangledName": "$s6ZeroMQ0A7MQDummyVACycfc",
            "moduleName": "ZeroMQ",
            "init_kind": "Designated"
          }
        ],
        "declKind": "Struct",
        "usr": "s:6ZeroMQ0A7MQDummyV",
        "mangledName": "$s6ZeroMQ0A7MQDummyV",
        "moduleName": "ZeroMQ",
        "declAttributes": [
          "RawDocComment"
        ],
        "conformances": [
          {
            "kind": "Conformance",
            "name": "Sendable",
            "printedName": "Sendable",
            "usr": "s:s8SendableP",
            "mangledName": "$ss8SendableP"
          }
        ]
      }
    ],
    "json_format_version": 8
  },
  "ConstValues": []
}